x_target,y_target,angle_target,k1_target,k2_target,x,y,angle,k1,k2,time
0.42,0.51,0.7853981633974483,-3.44,-3.327,-0.42648178159010275,-0.17826907381916574,5.733725266830061,-3.44,-3.327,22:25:42
0.42,0.51,0.7853981633974483,-3.44,-3.327,-0.4180169637742017,-0.1713863830809741,5.74707384886753,-3.44,-3.327,22:25:42
0.42,0.51,0.7853981633974483,-3.44,-3.327,-0.4096367941364597,-0.16457251925016436,5.760288945084626,-3.44,-3.327,22:25:42
0.42,0.51,0.7853981633974483,-3.44,-3.327,-0.40134042619509513,-0.15782679405766273,5.77337189033955,-3.44,-3.327,22:25:42
0.42,0.51,0.7853981633974483,-3.44,-3.327,-0.3931270219331442,-0.1511485261170861,5.786324006141925,-3.44,-3.327,22:25:42
0.42,0.51,0.7853981633974483,-3.44,-3.327,-0.38499575171381273,-0.14453704085591523,5.799146600786276,-3.44,-3.327,22:25:42
0.42,0.51,0.7853981633974483,-3.44,-3.327,-0.3769457941966746,-0.13799167044735608,5.811840969484184,-3.44,-3.327,22:25:42
0.42,0.51,0.7853981633974483,-3.44,-3.327,-0.3689763362547079,-0.13151175374288251,5.824408394495112,-3.44,-3.327,22:25:42
0.42,0.51,0.7853981633974483,-3.44,-3.327,-0.3610865728921608,-0.1250966362054537,5.836850145255932,-3.44,-3.327,22:25:42
0.42,0.51,0.7853981633974483,-3.44,-3.327,-0.3532757071632392,-0.11874566984339915,5.849167478509143,-3.44,-3.327,22:25:42
0.42,0.51,0.7853981633974483,-3.44,-3.327,-0.3455429500916068,-0.11245821314496517,5.8613616384298215,-3.44,-3.327,22:25:42
0.42,0.51,0.7853981633974483,-3.44,-3.327,-0.3378875205906907,-0.10623363101351552,5.873433856751293,-3.44,-3.327,22:25:42
0.42,0.51,0.7853981633974483,-3.44,-3.327,-0.3303086453847838,-0.10007129470338036,5.885385352889551,-3.44,-3.327,22:25:42
0.42,0.51,0.7853981633974483,-3.44,-3.327,-0.322805558930936,-0.09397058175634655,5.897217334066426,-3.44,-3.327,22:25:42
0.42,0.51,0.7853981633974483,-3.44,-3.327,-0.3153775033416266,-0.08793087593878308,5.908930995431532,-3.44,-3.327,22:25:42
0.42,0.51,0.7853981633974483,-3.44,-3.327,-0.30802372830821034,-0.08195156717939525,5.920527520182986,-3.44,-3.327,22:25:42
0.42,0.51,0.7853981633974483,-3.44,-3.327,-0.30074349102512826,-0.0760320515076013,5.932008079686927,-3.44,-3.327,22:25:42
0.42,0.51,0.7853981633974483,-3.44,-3.327,-0.293536056114877,-0.07017173099252529,5.943373833595828,-3.44,-3.327,22:25:42
0.42,0.51,0.7853981633974483,-3.44,-3.327,-0.2864006955537282,-0.06437001368260004,5.9546259299656406,-3.44,-3.327,22:25:42
0.42,0.51,0.7853981633974483,-3.44,-3.327,-0.27933668859819094,-0.058626313545774036,5.965765505371754,-3.44,-3.327,22:25:42
0.42,0.51,0.7853981633974483,-3.44,-3.327,-0.27234332171220904,-0.0529400504103163,5.976793685023807,-3.44,-3.327,22:25:42
0.42,0.51,0.7853981633974483,-3.44,-3.327,-0.26541988849508696,-0.047310649906213136,5.9877115828793395,-3.44,-3.327,22:25:42
0.42,0.51,0.7853981633974483,-3.44,-3.327,-0.2585656896101361,-0.041737543407151,5.998520301756316,-3.44,-3.327,22:25:42
0.42,0.51,0.7853981633974483,-3.44,-3.327,-0.2517800327140347,-0.03622016797307949,6.0092209334445235,-3.44,-3.327,22:25:42
0.42,0.51,0.7853981633974483,-3.44,-3.327,-0.24506223238689437,-0.030757966293348694,6.019814558815849,-3.44,-3.327,22:25:42
0.42,0.51,0.7853981633974483,-3.44,-3.327,-0.23841161006302541,-0.02535038663041521,6.030302247933461,-3.44,-3.327,22:25:42
0.42,0.51,0.7853981633974483,-3.44,-3.327,-0.23182749396239516,-0.019996882764111056,6.0406850601598965,-3.44,-3.327,22:25:42
0.42,0.51,0.7853981633974483,-3.44,-3.327,-0.2253092190227712,-0.014696913936469946,6.0509640442640675,-3.44,-3.327,22:25:42
0.42,0.51,0.7853981633974483,-3.44,-3.327,-0.2188561268325435,-0.009449944797105246,6.061140238527197,-3.44,-3.327,22:25:42
0.42,0.51,0.7853981633974483,-3.44,-3.327,-0.21246756556421806,-0.004255445349134193,6.071214670847695,-3.44,-3.327,22:25:42
0.42,0.51,0.7853981633974483,-3.44,-3.327,-0.20614288990857588,0.000887109104357151,6.081188358844988,-3.44,-3.327,22:25:42
0.42,0.51,0.7853981633974483,-3.44,-3.327,-0.1998814610094901,0.00597823801331358,6.091062309962309,-3.44,-3.327,22:25:42
0.42,0.51,0.7853981633974483,-3.44,-3.327,-0.1936826463993952,0.011018455633180445,6.100837521568456,-3.44,-3.327,22:25:42
0.42,0.51,0.7853981633974483,-3.44,-3.327,-0.18754581993540126,0.016008271076848643,6.110514981058542,-3.44,-3.327,22:25:42
0.42,0.51,0.7853981633974483,-3.44,-3.327,-0.18147036173604725,0.02094818836608016,6.120095665953727,-3.44,-3.327,22:25:42
0.42,0.51,0.7853981633974483,-3.44,-3.327,-0.17545565811868677,0.025838706482419357,6.1295805439999596,-3.44,-3.327,22:25:42
0.42,0.51,0.7853981633974483,-3.44,-3.327,-0.1695011015374999,0.030680319417595164,6.1389705732657305,-3.44,-3.327,22:25:42
0.42,0.51,0.7853981633974483,-3.44,-3.327,-0.16360609052212488,0.03547351622341921,6.1482667022388435,-3.44,-3.327,22:25:42
0.42,0.51,0.7853981633974483,-3.44,-3.327,-0.15777002961690362,0.04021878106118502,6.157469869922226,-3.44,-3.327,22:25:42
0.42,0.51,0.7853981633974483,-3.44,-3.327,-0.1519923293207346,0.044916593250573164,6.166581005928774,-3.44,-3.327,22:25:42
0.42,0.51,0.7853981633974483,-3.44,-3.327,-0.14627240602752725,0.04956742731806743,6.1756010305752564,-3.44,-3.327,22:25:42
0.42,0.51,0.7853981633974483,-3.44,-3.327,-0.140609681967252,0.05417175304488676,6.184530854975274,-3.44,-3.327,22:25:42
0.42,0.51,0.7853981633974483,-3.44,-3.327,-0.13500358514757946,0.058730035514437895,6.193371381131292,-3.44,-3.327,22:25:42
0.42,0.51,0.7853981633974483,-3.44,-3.327,-0.12945354929610367,0.06324273515929352,6.202123502025749,-3.44,-3.327,22:25:42
0.42,0.51,0.7853981633974483,-3.44,-3.327,-0.12395901380314263,0.06771030780770058,6.2107881017112625,-3.44,-3.327,22:25:42
0.42,0.51,0.7853981633974483,-3.44,-3.327,-0.1185194236651112,0.07213320472962358,6.21936605539992,-3.44,-3.327,22:25:42
0.42,0.51,0.7853981633974483,-3.44,-3.327,-0.11313422942846009,0.07651187268232734,6.227858229551691,-3.44,-3.327,22:25:42
0.42,0.51,0.7853981633974483,-3.44,-3.327,-0.10780288713417549,0.08084675395550407,6.2362654819619445,-3.44,-3.327,22:25:42
0.42,0.51,0.7853981633974483,-3.44,-3.327,-0.10252485826283374,0.08513828641594903,6.244588661848096,-3.44,-3.327,22:25:42
0.42,0.51,0.7853981633974483,-3.44,-3.327,-0.0972996096802054,0.08938690355178955,6.252828609935385,-3.44,-3.327,22:25:42
0.42,0.51,0.7853981633974483,-3.44,-3.327,-0.09212661358340335,0.09359303451627166,6.260986158541802,-3.44,-3.327,22:25:42
0.42,0.51,0.7853981633974483,-3.44,-3.327,-0.08700534744756931,0.09775710417110894,6.269062131662154,-3.44,-3.327,22:25:42
0.42,0.51,0.7853981633974483,-3.44,-3.327,-0.08193529397309361,0.10187953312939785,6.277057345051303,-3.44,-3.327,22:25:42
0.42,0.51,0.7853981633974483,-3.44,-3.327,-0.07691594103336268,0.10596073779810387,6.28497260630656,-3.44,-3.327,22:25:42
0.42,0.51,0.7853981633974483,-3.44,-3.327,-0.07194678162302905,0.11000113042012284,6.292808714949265,-3.44,-3.327,22:25:42
0.42,0.51,0.7853981633974483,-3.44,-3.327,-0.06702731380679876,0.11400111911592162,6.300566462505543,-3.44,-3.327,22:25:42
0.42,0.51,0.7853981633974483,-3.44,-3.327,-0.06215704066873077,0.1179611079247624,6.308246632586258,-3.44,-3.327,22:25:42
0.42,0.51,0.7853981633974483,-3.44,-3.327,-0.05733547026204346,0.12188149684551478,6.315850000966165,-3.44,-3.327,22:25:42
0.42,0.51,0.7853981633974483,-3.44,-3.327,-0.05256211555942303,0.12576268187705963,6.323377335662274,-3.44,-3.327,22:25:42
0.42,0.51,0.7853981633974483,-3.44,-3.327,-0.0478364944038288,0.12960505505828904,6.3308293970114216,-3.44,-3.327,22:25:42
0.42,0.51,0.7853981633974483,-3.44,-3.327,-0.04315812945979051,0.13340900450770615,6.338206937747078,-3.44,-3.327,22:25:42
0.42,0.51,0.7853981633974483,-3.44,-3.327,-0.0385265481651926,0.13717491446262908,6.3455107030753775,-3.44,-3.327,22:25:42
0.42,0.51,0.7853981633974483,-3.44,-3.327,-0.03394128268354068,0.1409031653180028,6.352741430750394,-3.44,-3.327,22:25:42
0.42,0.51,0.7853981633974483,-3.44,-3.327,-0.029401869856705273,0.14459413366482277,6.35989985114866,-3.44,-3.327,22:25:42
0.42,0.51,0.7853981633974483,-3.44,-3.327,-0.02490785115813822,0.14824819232817454,6.366986687342944,-3.44,-3.327,22:25:42
0.42,0.51,0.7853981633974483,-3.44,-3.327,-0.020458772646556836,0.1518657104048928,6.374002655175285,-3.44,-3.327,22:25:42
0.42,0.51,0.7853981633974483,-3.44,-3.327,-0.016054184920091266,0.15544705330084388,6.380948463329302,-3.44,-3.327,22:25:42
0.42,0.51,0.7853981633974483,-3.44,-3.327,-0.011693643070890353,0.15899258276783546,6.387824813401779,-3.44,-3.327,22:25:42
0.42,0.51,0.7853981633974483,-3.44,-3.327,-0.00737670664018145,0.1625026569401571,6.394632399973531,-3.44,-3.327,22:25:42
0.42,0.51,0.7853981633974483,-3.44,-3.327,-0.003102939573779634,0.16597763037075552,6.401371910679567,-3.44,-3.327,22:25:42
0.42,0.51,0.7853981633974483,-3.44,-3.327,0.0011280898219581626,0.16941785406704796,6.408044026278541,-3.44,-3.327,22:25:42
0.42,0.51,0.7853981633974483,-3.44,-3.327,0.005316808923738583,0.17282367552637748,6.414649420721527,-3.44,-3.327,22:25:42
0.42,0.51,0.7853981633974483,-3.44,-3.327,0.009463640834501198,0.1761954387711137,6.4211887612200815,-3.44,-3.327,22:25:42
0.42,0.51,0.7853981633974483,-3.44,-3.327,0.013569004426156186,0.17953348438340258,6.427662708313651,-3.44,-3.327,22:25:42
0.42,0.51,0.7853981633974483,-3.44,-3.327,0.017633314381894624,0.18283814953956856,6.4340719159362845,-3.44,-3.327,22:25:42
0.42,0.51,0.7853981633974483,-3.44,-3.327,0.02165698123807568,0.18610976804417287,6.440417031482692,-3.44,-3.327,22:25:42
0.42,0.51,0.7853981633974483,-3.44,-3.327,0.025640411425694926,0.18934867036373115,6.446698695873636,-3.44,-3.327,22:25:42
0.42,0.51,0.7853981633974483,-3.44,-3.327,0.029584007311437975,0.19255518366009383,6.45291754362067,-3.44,-3.327,22:25:42
0.42,0.51,0.7853981633974483,-3.44,-3.327,0.033488167238323596,0.1957296318234929,6.459074202890233,-3.44,-3.327,22:25:42
0.42,0.51,0.7853981633974483,-3.44,-3.327,0.037353285565940364,0.19887233550525796,6.465169295567101,-3.44,-3.327,22:25:42
0.42,0.51,0.7853981633974483,-3.44,-3.327,0.04117975271028096,0.20198361215020538,6.4712034373172,-3.44,-3.327,22:25:42
0.42,0.51,0.7853981633974483,-3.44,-3.327,0.04496795518317815,0.20506377602870332,6.477177237649799,-3.44,-3.327,22:25:42
0.42,0.51,0.7853981633974483,-3.44,-3.327,0.04871827563134637,0.2081131382684163,6.483091299979071,-3.44,-3.327,22:25:42
0.42,0.51,0.7853981633974483,-3.44,-3.327,0.052431092875032906,0.21113200688573214,6.48894622168505,-3.44,-3.327,22:25:42
0.42,0.51,0.7853981633974483,-3.44,-3.327,0.056106781946282575,0.21412068681687482,6.49474259417397,-3.44,-3.327,22:25:42
0.42,0.51,0.7853981633974483,-3.44,-3.327,0.05974571412681975,0.21707947994870608,6.500481002938001,-3.44,-3.327,22:25:42
0.42,0.51,0.7853981633974483,-3.44,-3.327,0.06334825698555155,0.220008685149219,6.506162027614391,-3.44,-3.327,22:25:42
0.42,0.51,0.7853981633974483,-3.44,-3.327,0.06691477441569603,0.22290859829772683,6.511786242044018,-3.44,-3.327,22:25:42
0.42,0.51,0.7853981633974483,-3.44,-3.327,0.07044562667153907,0.22577951231474958,6.517354214329348,-3.44,-3.327,22:25:42
0.42,0.51,0.7853981633974483,-3.44,-3.327,0.07394117040482368,0.22862171719160207,6.522866506891825,-3.44,-3.327,22:25:42
0.42,0.51,0.7853981633974483,-3.44,-3.327,0.07740175870077544,0.23143550001968605,6.528323676528677,-3.44,-3.327,22:25:42
0.42,0.51,0.7853981633974483,-3.44,-3.327,0.08082774111376768,0.23422114501948918,6.533726274469161,-3.44,-3.327,22:25:42
0.42,0.51,0.7853981633974483,-3.44,-3.327,0.08421946370263,0.23697893356929428,6.53907484643024,-3.44,-3.327,22:25:42
0.42,0.51,0.7853981633974483,-3.44,-3.327,0.0875772690656037,0.23970914423360135,6.5443699326717075,-3.44,-3.327,22:25:42
0.42,0.51,0.7853981633974483,-3.44,-3.327,0.09090149637494767,0.24241205279126532,6.549612068050761,-3.44,-3.327,22:25:42
0.42,0.51,0.7853981633974483,-3.44,-3.327,0.0941924814111982,0.24508793226335268,6.554801782076024,-3.44,-3.327,22:25:42
0.42,0.51,0.7853981633974483,-3.44,-3.327,0.09745055659708621,0.24773705294071915,6.559939598961034,-3.44,-3.327,22:25:42
0.42,0.51,0.7853981633974483,-3.44,-3.327,0.10067605103111535,0.25035968241131196,6.565026037677193,-3.44,-3.327,22:25:42
0.42,0.51,0.7853981633974483,-3.44,-3.327,0.1038692905208042,0.25295608558719884,6.570061612006191,-3.44,-3.327,22:25:42
0.42,0.51,0.7853981633974483,-3.44,-3.327,0.10703059761559615,0.25552652473132687,6.5750468305919,-3.44,-3.327,22:25:42
0.42,0.51,0.7853981633974483,-3.44,-3.327,0.11016029163944019,0.2580712594840136,6.579982196991751,-3.44,-3.327,22:25:42
0.42,0.51,0.7853981633974483,-3.44,-3.327,0.11325868872304579,0.2605905468891735,6.584868209727604,-3.44,-3.327,22:25:42
0.42,0.51,0.7853981633974483,-3.44,-3.327,0.11632610183581532,0.26308464142028176,6.589705362336098,-3.44,-3.327,22:25:42
0.42,0.51,0.7853981633974483,-3.44,-3.327,0.11936284081745717,0.26555379500607895,6.594494143418507,-3.44,-3.327,22:25:42
0.42,0.51,0.7853981633974483,-3.44,-3.327,0.1223692124092826,0.26799825705601815,6.599235036690093,-3.44,-3.327,22:25:42
0.42,0.51,0.7853981633974483,-3.44,-3.327,0.12534552028518978,0.27041827448545797,6.603928521028962,-3.44,-3.327,22:25:42
0.42,0.51,0.7853981633974483,-3.44,-3.327,0.12829206508233787,0.2728140917406034,6.608575070524442,-3.44,-3.327,22:25:42
0.42,0.51,0.7853981633974483,-3.44,-3.327,0.1312091444315145,0.27518595082319736,6.613175154524968,-3.44,-3.327,22:25:42
0.42,0.51,0.7853981633974483,-3.44,-3.327,0.13409705298719934,0.27753409131496537,6.617729237685489,-3.44,-3.327,22:25:42
0.42,0.51,0.7853981633974483,-3.44,-3.327,0.13695608245732735,0.27985875040181574,6.622237780014404,-3.44,-3.327,22:25:42
0.42,0.51,0.7853981633974483,-3.44,-3.327,0.13978652163275407,0.2821601628977976,6.626701236920031,-3.44,-3.327,22:25:42
0.42,0.51,0.7853981633974483,-3.44,-3.327,0.14258865641642654,0.2844385612688196,6.631120059256601,-3.44,-3.327,22:25:42
0.42,0.51,0.7853981633974483,-3.44,-3.327,0.14536276985226226,0.2866941756561314,6.635494693369805,-3.44,-3.327,22:25:42
0.42,0.51,0.7853981633974483,-3.44,-3.327,0.14810914215373963,0.2889272338995701,6.639825581141877,-3.44,-3.327,22:25:42
0.42,0.51,0.7853981633974483,-3.44,-3.327,0.15082805073220223,0.29113796156057437,6.644113160036229,-3.44,-3.327,22:25:42
0.42,0.51,0.7853981633974483,-3.44,-3.327,0.15351977022488023,0.29332658194496863,6.648357863141637,-3.44,-3.327,22:25:42
0.42,0.51,0.7853981633974483,-3.44,-3.327,0.15618457252263143,0.29549331612551893,6.652560119215991,-3.44,-3.327,22:25:42
0.42,0.51,0.7853981633974483,-3.44,-3.327,0.1588227267974051,0.29763838296426376,6.656720352729602,-3.44,-3.327,22:25:42
0.42,0.51,0.7853981633974483,-3.44,-3.327,0.16143449952943106,0.29976199913462115,6.660838983908076,-3.44,-3.327,22:25:42
0.42,0.51,0.7853981633974483,-3.44,-3.327,0.16402015453413676,0.30186437914327496,6.664916428774766,-3.44,-3.327,22:25:42
0.42,0.51,0.7853981633974483,-3.44,-3.327,0.1665799529887954,0.3039457353518422,6.668953099192788,-3.44,-3.327,22:25:42
0.42,0.51,0.7853981633974483,-3.44,-3.327,0.16911415345890746,0.3060062779983238,6.672949402906631,-3.44,-3.327,22:25:42
0.42,0.51,0.7853981633974483,-3.44,-3.327,0.1716230119243184,0.3080462152183406,6.676905743583335,-3.44,-3.327,22:25:42
0.42,0.51,0.7853981633974483,-3.44,-3.327,0.17410678180507522,0.3100657530661572,6.680822520853272,-3.44,-3.327,22:25:42
0.42,0.51,0.7853981633974483,-3.44,-3.327,0.17656571398702448,0.3120650955354956,6.684700130350509,-3.44,-3.327,22:25:42
0.42,0.51,0.7853981633974483,-3.44,-3.327,0.17900005684715423,0.31404444458014064,6.688538963752775,-3.44,-3.327,22:25:42
0.42,0.51,0.7853981633974483,-3.44,-3.327,0.18141005627868267,0.3160040001343392,6.6923394088210175,-3.44,-3.327,22:25:42
0.42,0.51,0.7853981633974483,-3.44,-3.327,0.18379595571589585,0.3179439601329958,6.696101849438578,-3.44,-3.327,22:25:42
0.42,0.51,0.7853981633974483,-3.44,-3.327,0.1861579961587369,0.31986452053166586,6.6998266656499625,-3.44,-3.327,22:25:42
0.42,0.51,0.7853981633974483,-3.44,-3.327,0.18849641619714955,0.3217658753263492,6.7035142336992335,-3.44,-3.327,22:25:42
0.42,0.51,0.7853981633974483,-3.44,-3.327,0.19081145203517805,0.32364821657308573,6.707164926068011,-3.44,-3.327,22:25:42
0.42,0.51,0.7853981633974483,-3.44,-3.327,0.19310333751482628,0.32551173440735487,6.7107791115131015,-3.44,-3.327,22:25:42
0.42,0.51,0.7853981633974483,-3.44,-3.327,0.19537230413967802,0.32735661706328134,6.714357155103741,-3.44,-3.327,22:25:42
0.42,0.51,0.7853981633974483,-3.44,-3.327,0.19761858109828123,0.32918305089264854,6.717899418258474,-3.44,-3.327,22:25:42
0.42,0.51,0.7853981633974483,-3.44,-3.327,0.1998423952872984,0.3309912203837221,6.72140625878166,-3.44,-3.327,22:25:42
0.42,0.51,0.7853981633974483,-3.44,-3.327,0.20204397133442542,0.3327813081798849,6.724878030899614,-3.44,-3.327,22:25:42
0.42,0.51,0.7853981633974483,-3.44,-3.327,0.20422353162108117,0.334553495098086,6.728315085296388,-3.44,-3.327,22:25:42
0.42,0.51,0.7853981633974483,-3.44,-3.327,0.20638129630487037,0.3363079601471052,6.731717769149195,-3.44,-3.327,22:25:42
0.42,0.51,0.7853981633974483,-3.44,-3.327,0.20851748334182166,0.33804488054563414,6.735086426163473,-3.44,-3.327,22:25:42
0.42,0.51,0.7853981633974483,-3.44,-3.327,0.21063230850840345,0.3397644317401778,6.738421396607609,-3.44,-3.327,22:25:42
0.42,0.51,0.7853981633974483,-3.44,-3.327,0.2127259854233194,0.34146678742277603,6.741723017347303,-3.44,-3.327,22:25:42
0.42,0.51,0.7853981633974483,-3.44,-3.327,0.21479872556908622,0.3431521195485483,6.7449916218796,-3.44,-3.327,22:25:42
0.42,0.51,0.7853981633974483,-3.44,-3.327,0.21685073831339535,0.34482059835306283,6.748227540366575,-3.44,-3.327,22:25:42
0.42,0.51,0.7853981633974483,-3.44,-3.327,0.2188822309302614,0.3464723923695322,6.751431099668679,-3.44,-3.327,22:25:42
0.42,0.51,0.7853981633974483,-3.44,-3.327,0.2208934086209588,0.3481076684458369,6.754602623377762,-3.44,-3.327,22:25:42
0.42,0.51,0.7853981633974483,-3.44,-3.327,0.22288447453474922,0.34972659176137855,6.7577424318497545,-3.44,-3.327,22:25:42
0.42,0.51,0.7853981633974483,-3.44,-3.327,0.2248556297894017,0.35132932584376475,6.760850842237027,-3.44,-3.327,22:25:42
0.42,0.51,0.7853981633974483,-3.44,-3.327,0.2268070734915077,0.3529160325853271,6.763928168520428,-3.44,-3.327,22:25:42
0.42,0.51,0.7853981633974483,-3.44,-3.327,0.22873900275659262,0.35448687225947384,6.766974721540993,-3.44,-3.327,22:25:42
0.42,0.51,0.7853981633974483,-3.44,-3.327,0.2306516127290267,0.3560420035368791,6.769990809031354,-3.44,-3.327,22:25:42
0.42,0.51,0.7853981633974483,-3.44,-3.327,0.23254509660173645,0.3575815835015103,6.772976735646811,-3.44,-3.327,22:25:42
0.42,0.51,0.7853981633974483,-3.44,-3.327,0.23441964563571907,0.3591057676664952,6.775932802996113,-3.44,-3.327,22:25:42
0.42,0.51,0.7853981633974483,-3.44,-3.327,0.23627544917936188,0.36061470998983025,6.7788593096719225,-3.44,-3.327,22:25:42
0.42,0.51,0.7853981633974483,-3.44,-3.327,0.23811269468756827,0.36210856288993193,6.781756551280973,-3.44,-3.327,22:25:42
0.42,0.51,0.7853981633974483,-3.44,-3.327,0.23993156774069258,0.36358747726103263,6.784624820473934,-3.44,-3.327,22:25:42
0.42,0.51,0.7853981633974483,-3.44,-3.327,0.24173225206328564,0.36505160248842233,6.787464406974965,-3.44,-3.327,22:25:42
0.42,0.51,0.7853981633974483,-3.44,-3.327,0.24351492954265277,0.36650108646353813,6.790275597610986,-3.44,-3.327,22:25:42
0.42,0.51,0.7853981633974483,-3.44,-3.327,0.24527978024722624,0.36793607559890273,6.793058676340646,-3.44,-3.327,22:25:42
0.42,0.51,0.7853981633974483,-3.44,-3.327,0.247026982444754,0.3693567148429137,6.79581392428301,-3.44,-3.327,22:25:42
0.42,0.51,0.7853981633974483,-3.44,-3.327,0.24875671262030644,0.3707631476944846,6.79854161974595,-3.44,-3.327,22:25:42
0.42,0.51,0.7853981633974483,-3.44,-3.327,0.2504691454941034,0.37215551621753973,6.80124203825426,-3.44,-3.327,22:25:42
0.42,0.51,0.7853981633974483,-3.44,-3.327,0.2521644540391623,0.37353396105536435,6.803915452577488,-3.44,-3.327,22:25:42
0.42,0.51,0.7853981633974483,-3.44,-3.327,0.2538428094987707,0.37489862144481073,6.806562132757484,-3.44,-3.327,22:25:42
0.42,0.51,0.7853981633974483,-3.44,-3.327,0.255504381403783,0.37624963523036264,6.809182346135679,-3.44,-3.327,22:25:42
0.42,0.51,0.7853981633974483,-3.44,-3.327,0.2571493375897452,0.377587138878059,6.811776357380093,-3.44,-3.327,22:25:42
0.42,0.51,0.7853981633974483,-3.44,-3.327,0.2587778442138477,0.3789112674892784,6.8143444285120625,-3.44,-3.327,22:25:42
0.42,0.51,0.7853981633974483,-3.44,-3.327,0.2603900657717092,0.3802221548143856,6.816886818932712,-3.44,-3.327,22:25:42
0.42,0.51,0.7853981633974483,-3.44,-3.327,0.2619861651139921,0.38151993326624173,6.819403785449155,-3.44,-3.327,22:25:42
0.42,0.51,0.7853981633974483,-3.44,-3.327,0.26356630346285215,0.38280473393357933,6.821895582300434,-3.44,-3.327,22:25:42
0.42,0.51,0.7853981633974483,-3.44,-3.327,0.26513064042822365,0.38407668659424354,6.8243624611832,-3.44,-3.327,22:25:42
0.42,0.51,0.7853981633974483,-3.44,-3.327,0.2666793340239414,0.3853359197283011,6.826804671277138,-3.44,-3.327,22:25:42
0.42,0.51,0.7853981633974483,-3.44,-3.327,0.268212540683702,0.3865825605310181,6.829222459270137,-3.44,-3.327,22:25:42
0.42,0.51,0.7853981633974483,-3.44,-3.327,0.269730415276865,0.3878167349257079,6.831616069383206,-3.44,-3.327,22:25:42
0.42,0.51,0.7853981633974483,-3.44,-3.327,0.2712331111240963,0.38903856757645083,6.833985743395145,-3.44,-3.327,22:25:42
0.42,0.51,0.7853981633974483,-3.44,-3.327,0.2727207800128554,0.39024818190068633,6.836331720666964,-3.44,-3.327,22:25:42
0.42,0.51,0.7853981633974483,-3.44,-3.327,0.27419357221272683,0.39144570008167945,6.838654238166065,-3.44,-3.327,22:25:42
0.42,0.51,0.7853981633974483,-3.44,-3.327,0.27565163649059954,0.39263124308086267,6.840953530490174,-3.44,-3.327,22:25:42
0.42,0.51,0.7853981633974483,-3.44,-3.327,0.27709512012569354,0.39380493065005406,6.843229829891043,-3.44,-3.327,22:25:42
0.42,0.51,0.7853981633974483,-3.44,-3.327,0.2785241689244366,0.3949668813435535,6.845483366297903,-3.44,-3.327,22:25:42
0.42,0.51,0.7853981633974483,-3.44,-3.327,0.27993892723519226,0.396117212530118,6.847714367340695,-3.44,-3.327,22:25:42
0.42,0.51,0.7853981633974483,-3.44,-3.327,0.28133953796284034,0.3972560404048168,6.849923058373058,-3.44,-3.327,22:25:42
0.42,0.51,0.7853981633974483,-3.44,-3.327,0.28272614258321194,0.3983834800007687,6.8521096624950975,-3.44,-3.327,22:25:42
0.42,0.51,0.7853981633974483,-3.44,-3.327,0.2840988811573798,0.399499645200761,6.854274400575917,-3.44,-3.327,22:25:42
0.42,0.51,0.7853981633974483,-3.44,-3.327,0.285457892345806,0.40060464874875334,6.856417491275928,-3.44,-3.327,22:25:42
0.42,0.51,0.7853981633974483,-3.44,-3.327,0.28680331342234794,0.4016986022612658,6.858539151068939,-3.44,-3.327,22:25:42
0.42,0.51,0.7853981633974483,-3.44,-3.327,0.28813528028812446,0.40278161623865316,6.86063959426402,-3.44,-3.327,22:25:42
0.42,0.51,0.7853981633974483,-3.44,-3.327,0.28945392748524323,0.40385380007626664,6.86271903302715,-3.44,-3.327,22:25:42
0.42,0.51,0.7853981633974483,-3.44,-3.327,0.2907593882103908,0.404915262075504,6.864777677402649,-3.44,-3.327,22:25:42
0.42,0.51,0.7853981633974483,-3.44,-3.327,0.29205179432828693,0.4059661094547489,6.866815735334392,-3.44,-3.327,22:25:42
0.42,0.51,0.7853981633974483,-3.44,-3.327,0.29333127638500406,0.40700644836020144,6.8688334126868185,-3.44,-3.327,22:25:42
0.42,0.51,0.7853981633974483,-3.44,-3.327,0.29459796362115404,0.4080363838765994,6.870830913265721,-3.44,-3.327,22:25:42
0.42,0.51,0.7853981633974483,-3.44,-3.327,0.2958519839849425,0.4090560200378334,6.872808438838834,-3.44,-3.327,22:25:42
0.42,0.51,0.7853981633974483,-3.44,-3.327,0.2970934641450931,0.41006545983745507,6.874766189156216,-3.44,-3.327,22:25:42
0.42,0.51,0.7853981633974483,-3.44,-3.327,0.29832252950364213,0.4110648052390805,6.8767043619704245,-3.44,-3.327,22:25:42
0.42,0.51,0.7853981633974483,-3.44,-3.327,0.2995393042086057,0.4120541571866897,6.87862315305649,-3.44,-3.327,22:25:42
0.42,0.51,0.7853981633974483,-3.44,-3.327,0.30074391116651966,0.4130336156148228,6.880522756231696,-3.44,-3.327,22:25:42
0.42,0.51,0.7853981633974483,-3.44,-3.327,0.30193647205485447,0.4140032794586746,6.88240336337515,-3.44,-3.327,22:25:42
0.42,0.51,0.7853981633974483,-3.44,-3.327,0.3031171073343059,0.41496324666408785,6.884265164447169,-3.44,-3.327,22:25:42
0.42,0.51,0.7853981633974483,-3.44,-3.327,0.30428593626096284,0.415913614197447,6.8861083475084675,-3.44,-3.327,22:25:42
0.42,0.51,0.7853981633974483,-3.44,-3.327,0.3054430768983532,0.41685447805547254,6.887933098739153,-3.44,-3.327,22:25:42
0.42,0.51,0.7853981633974483,-3.44,-3.327,0.30658864612936965,0.4177859332749178,6.889739602457532,-3.44,-3.327,22:25:42
0.42,0.51,0.7853981633974483,-3.44,-3.327,0.30772275966807594,0.41870807394216863,6.891528041138727,-3.44,-3.327,22:25:42
0.42,0.51,0.7853981633974483,-3.44,-3.327,0.3088455320713952,0.41962099320274693,6.8932985954331105,-3.44,-3.327,22:25:42
0.42,0.51,0.7853981633974483,-3.44,-3.327,0.30995707675068124,0.42052478327071946,6.89505144418455,-3.44,-3.327,22:25:42
0.42,0.51,0.7853981633974483,-3.44,-3.327,0.31105750598317444,0.42141953543801225,6.896786764448475,-3.44,-3.327,22:25:42
0.42,0.51,0.7853981633974483,-3.44,-3.327,0.3121469309233427,0.42230534008363213,6.89850473150976,-3.44,-3.327,22:25:42
0.42,0.51,0.7853981633974483,-3.44,-3.327,0.3132254616141093,0.4231822866827958,6.900205518900433,-3.44,-3.327,22:25:42
0.42,0.51,0.7853981633974483,-3.44,-3.327,0.3142932069979682,0.42405046381596784,6.901889298417199,-3.44,-3.327,22:25:42
0.42,0.51,0.7853981633974483,-3.44,-3.327,0.3153502749279885,0.42490995917780816,6.903556240138798,-3.44,-3.327,22:25:42
0.42,0.51,0.7853981633974483,-3.44,-3.327,0.3163967721787086,0.4257608595860301,6.90520651244318,-3.44,-3.327,22:25:42
0.42,0.51,0.7853981633974483,-3.44,-3.327,0.3174328044569215,0.4266032509901698,6.906840282024518,-3.44,-3.327,22:25:42
0.42,0.51,0.7853981633974483,-3.44,-3.327,0.3184584764123523,0.4274372184802681,6.908457713910043,-3.44,-3.327,22:25:42
0.42,0.51,0.7853981633974483,-3.44,-3.327,0.3194738916482288,0.4282628462954654,6.9100589714767136,-3.44,-3.327,22:25:42
0.42,0.51,0.7853981633974483,-3.44,-3.327,0.32047915273174654,0.42908021783251077,6.9116442164677165,-3.44,-3.327,22:25:42
0.42,0.51,0.7853981633974483,-3.44,-3.327,0.32147436120442907,0.42988941565418565,6.913213609008809,-3.44,-3.327,22:25:42
0.42,0.51,0.7853981633974483,-3.44,-3.327,0.3224596175923848,0.4306905214976438,6.9147673076244915,-3.44,-3.327,22:25:42
0.42,0.51,0.7853981633974483,-3.44,-3.327,0.3234350214164609,0.43148361628266735,6.916305469254017,-3.44,-3.327,22:25:42
0.42,0.51,0.7853981633974483,-3.44,-3.327,0.3244006712022963,0.43226878011984066,6.917828249267248,-3.44,-3.327,22:25:42
0.42,0.51,0.7853981633974483,-3.44,-3.327,0.32535666449027334,0.4330460923186423,6.919335801480345,-3.44,-3.327,22:25:42
0.42,0.51,0.7853981633974483,-3.44,-3.327,0.3263030978453706,0.43381563139545587,6.920828278171312,-3.44,-3.327,22:25:42
0.42,0.51,0.7853981633974483,-3.44,-3.327,0.32724006686691687,0.4345774750815013,6.922305830095369,-3.44,-3.327,22:25:42
0.42,0.51,0.7853981633974483,-3.44,-3.327,0.3281676661982477,0.4353317003306863,6.923768606500186,-3.44,-3.327,22:25:42
0.42,0.51,0.7853981633974483,-3.44,-3.327,0.3290859895362652,0.4360783833273794,6.925216755140955,-3.44,-3.327,22:25:42
0.42,0.51,0.7853981633974483,-3.44,-3.327,0.32999512964090255,0.43681759949410565,6.926650422295316,-3.44,-3.327,22:25:42
0.42,0.51,0.7853981633974483,-3.44,-3.327,0.3308951783444935,0.4375494234991646,6.928069752778133,-3.44,-3.327,22:25:42
0.42,0.51,0.7853981633974483,-3.44,-3.327,0.33178622656104856,0.43827392926417297,6.929474889956122,-3.44,-3.327,22:25:42
0.42,0.51,0.7853981633974483,-3.44,-3.327,0.33266836429543806,0.43899118997153125,6.930865975762331,-3.44,-3.327,22:25:42
0.42,0.51,0.7853981633974483,-3.44,-3.327,0.3335416806524837,0.4397012780718159,6.9322431507104785,-3.44,-3.327,22:25:42
0.42,0.51,0.7853981633974483,-3.44,-3.327,0.33440626384595884,0.4404042652910978,6.933606553909144,-3.44,-3.327,22:25:42
0.42,0.51,0.7853981633974483,-3.44,-3.327,0.3352622012074993,0.4411002226381868,6.934956323075823,-3.44,-3.327,22:25:42
0.42,0.51,0.7853981633974483,-3.44,-3.327,0.3361095791954243,0.44178922041180496,6.936292594550835,-3.44,-3.327,22:25:42
0.42,0.51,0.7853981633974483,-3.44,-3.327,0.33694848340347006,0.4424713282076869,6.937615503311097,-3.44,-3.327,22:25:42
0.42,0.51,0.7853981633974483,-3.44,-3.327,0.33777899856943533,0.44314661492561,6.938925182983756,-3.44,-3.327,22:25:42
0.42,0.51,0.7853981633974483,-3.44,-3.327,0.338601208583741,0.4438151487763539,6.940221765859689,-3.44,-3.327,22:25:42
0.42,0.51,0.7853981633974483,-3.44,-3.327,0.3394151964979036,0.44447699728859036,6.941505382906862,-3.44,-3.327,22:25:42
0.42,0.51,0.7853981633974483,-3.44,-3.327,0.34022104453292457,0.44513222731570445,6.942776163783564,-3.44,-3.327,22:25:42
0.42,0.51,0.7853981633974483,-3.44,-3.327,0.3410188340875953,0.4457809050425474,6.944034236851499,-3.44,-3.327,22:25:42
0.42,0.51,0.7853981633974483,-3.44,-3.327,0.3418086457467194,0.44642309599212193,6.945279729188754,-3.44,-3.327,22:25:42
0.42,0.51,0.7853981633974483,-3.44,-3.327,0.3425905592892522,0.4470588650322007,6.946512766602637,-3.44,-3.327,22:25:42
0.42,0.51,0.7853981633974483,-3.44,-3.327,0.34336465369635966,0.4476882763818787,6.947733473642381,-3.44,-3.327,22:25:42
0.42,0.51,0.7853981633974483,-3.44,-3.327,0.34413100715939604,0.4483113936180599,6.948941973611728,-3.44,-3.327,22:25:42
0.42,0.51,0.7853981633974483,-3.44,-3.327,0.3448896970878021,0.44892827968187926,6.950138388581381,-3.44,-3.327,22:25:42
0.42,0.51,0.7853981633974483,-3.44,-3.327,0.34564080011692405,0.4495389968850605,6.951322839401338,-3.44,-3.327,22:25:42
0.42,0.51,0.7853981633974483,-3.44,-3.327,0.34638439211575484,0.4501436069162099,6.952495445713095,-3.44,-3.327,22:25:42
0.42,0.51,0.7853981633974483,-3.44,-3.327,0.3471205481945973,0.4507421708470478,6.9536563259617346,-3.44,-3.327,22:25:42
0.42,0.51,0.7853981633974483,-3.44,-3.327,0.34784934271265133,0.45133474913857735,6.954805597407888,-3.44,-3.327,22:25:42
0.42,0.51,0.7853981633974483,-3.44,-3.327,0.34857084928552484,0.4519214016471916,6.9559433761395795,-3.44,-3.327,22:25:42
0.42,0.51,0.7853981633974483,-3.44,-3.327,0.3492851407926696,0.45250218763071964,6.957069777083954,-3.44,-3.327,22:25:42
0.42,0.51,0.7853981633974483,-3.44,-3.327,0.3499922893847429,0.4530771657544124,6.958184914018885,-3.44,-3.327,22:25:42
0.42,0.51,0.7853981633974483,-3.44,-3.327,0.35069236649089547,0.4536463940968683,6.959288899584466,-3.44,-3.327,22:25:42
0.42,0.51,0.7853981633974483,-3.44,-3.327,0.3513854428259865,0.4542099301558996,6.960381845294392,-3.44,-3.327,22:25:42
0.42,0.51,0.7853981633974483,-3.44,-3.327,0.3520715883977266,0.45476783085434064,6.961463861547218,-3.44,-3.327,22:25:42
0.42,0.51,0.7853981633974483,-3.44,-3.327,0.35275087251374937,0.4553201525457972,6.962535057637516,-3.44,-3.327,22:25:42
0.42,0.51,0.7853981633974483,-3.44,-3.327,0.3534233637886119,0.45586695102033925,6.963595541766911,-3.44,-3.327,22:25:42
0.42,0.51,0.7853981633974483,-3.44,-3.327,0.3540891301507258,0.45640828151013585,6.964645421055012,-3.44,-3.327,22:25:42
0.42,0.51,0.7853981633974483,-3.44,-3.327,0.3547482388492185,0.4569441986950345,6.965684801550232,-3.44,-3.327,22:25:42
0.42,0.51,0.7853981633974483,-3.44,-3.327,0.35540075646072633,0.45747475670808413,6.9667137882405,-3.44,-3.327,22:25:42
0.42,0.51,0.7853981633974483,-3.44,-3.327,0.3560467488961191,0.4580000091410033,6.967732485063865,-3.44,-3.327,22:25:42
0.42,0.51,0.7853981633974483,-3.44,-3.327,0.3566862814071579,0.4585200090495933,6.968740994918997,-3.44,-3.327,22:25:42
0.42,0.51,0.7853981633974483,-3.44,-3.327,0.35731941859308636,0.4590348089590974,6.9697394196755775,-3.44,-3.327,22:25:42
0.42,0.51,0.7853981633974483,-3.44,-3.327,0.3579462244071555,0.4595444608695064,6.970727860184592,-3.44,-3.327,22:25:42
0.42,0.51,0.7853981633974483,-3.44,-3.327,0.358566762163084,0.46004901626081135,6.971706416288517,-3.44,-3.327,22:25:42
0.42,0.51,0.7853981633974483,-3.44,-3.327,0.35918109454145314,0.46054852609820324,6.972675186831402,-3.44,-3.327,22:25:42
0.42,0.51,0.7853981633974483,-3.44,-3.327,0.3597892835960386,0.4610430408372212,6.973634269668858,-3.44,-3.327,22:25:42
0.42,0.51,0.7853981633974483,-3.44,-3.327,0.36039139076007826,0.46153261042884897,6.974583761677939,-3.44,-3.327,22:25:42
0.42,0.51,0.7853981633974483,-3.44,-3.327,0.36098747685247745,0.46201728432456046,6.97552375876693,-3.44,-3.327,22:25:42
0.42,0.51,0.7853981633974483,-3.44,-3.327,0.3615776020839527,0.46249711148131484,6.976454355885031,-3.44,-3.327,22:25:42
0.42,0.51,0.7853981633974483,-3.44,-3.327,0.36216182606311315,0.4629721403665017,6.977375647031951,-3.44,-3.327,22:25:42
0.42,0.51,0.7853981633974483,-3.44,-3.327,0.362740207802482,0.46344241896283667,6.978287725267402,-3.44,-3.327,22:25:42
0.42,0.51,0.7853981633974483,-3.44,-3.327,0.3633128057244572,0.4639079947732083,6.979190682720498,-3.44,-3.327,22:25:42
0.42,0.51,0.7853981633974483,-3.44,-3.327,0.36387967766721263,0.46436891482547626,6.9800846105990635,-3.44,-3.327,22:25:42
0.42,0.51,0.7853981633974483,-3.44,-3.327,0.3644408808905405,0.4648252256772215,6.980969599198843,-3.44,-3.327,22:25:42
0.42,0.51,0.7853981633974483,-3.44,-3.327,0.3649964720816351,0.46527697342044927,6.981845737912625,-3.44,-3.327,22:25:42
0.42,0.51,0.7853981633974483,-3.44,-3.327,0.36554650736081873,0.4657242036862448,6.982713115239269,-3.44,-3.327,22:25:42
0.42,0.51,0.7853981633974483,-3.44,-3.327,0.36609104228721057,0.4661669616493823,6.9835718187926465,-3.44,-3.327,22:25:42
0.42,0.51,0.7853981633974483,-3.44,-3.327,0.36663013186433846,0.4666052920328885,6.984421935310491,-3.44,-3.327,22:25:42
0.42,0.51,0.7853981633974483,-3.44,-3.327,0.36716383054569507,0.46703923911255957,6.985263550663156,-3.44,-3.327,22:25:42
0.42,0.51,0.7853981633974483,-3.44,-3.327,0.36769219224023814,0.46746884672143396,6.986096749862295,-3.44,-3.327,22:25:42
0.42,0.51,0.7853981633974483,-3.44,-3.327,0.36821527031783574,0.4678941582542196,6.986921617069442,-3.44,-3.327,22:25:42
0.42,0.51,0.7853981633974483,-3.44,-3.327,0.3687331176146574,0.4683152166716774,6.987738235604518,-3.44,-3.327,22:25:42
0.42,0.51,0.7853981633974483,-3.44,-3.327,0.3692457864385108,0.46873206450496063,6.988546687954243,-3.44,-3.327,22:25:42
0.42,0.51,0.7853981633974483,-3.44,-3.327,0.3697533285741257,0.469144743859911,6.989347055780471,-3.44,-3.327,22:25:42
0.42,0.51,0.7853981633974483,-3.44,-3.327,0.3702557952883844,0.4695532964213119,6.990139419928437,-3.44,-3.327,22:25:42
0.42,0.51,0.7853981633974483,-3.44,-3.327,0.3707532373355006,0.4699577634570988,6.990923860434923,-3.44,-3.327,22:25:42
0.42,0.51,0.7853981633974483,-3.44,-3.327,0.3712457049621456,0.4703581858225278,6.991700456536344,-3.44,-3.327,22:25:42
0.42,0.51,0.7853981633974483,-3.44,-3.327,0.37173324791252416,0.4707546039643025,6.992469286676751,-3.44,-3.327,22:25:42
0.42,0.51,0.7853981633974483,-3.44,-3.327,0.37221591543339894,0.4711470579246595,6.993230428515753,-3.44,-3.327,22:25:42
0.42,0.51,0.7853981633974483,-3.44,-3.327,0.3726937562790649,0.4715355873454129,6.993983958936366,-3.44,-3.327,22:25:42
0.42,0.51,0.7853981633974483,-3.44,-3.327,0.3731668187162743,0.4719202314719588,6.994729954052772,-3.44,-3.327,22:25:42
0.42,0.51,0.7853981633974483,-3.44,-3.327,0.3736351505291115,0.4723010291572392,6.995468489218015,-3.44,-3.327,22:25:42
0.42,0.51,0.7853981633974483,-3.44,-3.327,0.37409879902382037,0.4726780188656668,6.996199639031605,-3.44,-3.327,22:25:42
0.42,0.51,0.7853981633974483,-3.44,-3.327,0.37455781103358216,0.4730512386770101,6.996923477347059,-3.44,-3.327,22:25:42
0.42,0.51,0.7853981633974483,-3.44,-3.327,0.3750122329232463,0.47342072629024,6.997640077279359,-3.44,-3.327,22:25:42
0.42,0.51,0.7853981633974483,-3.44,-3.327,0.37546211059401385,0.4737865190273376,6.998349511212337,-3.44,-3.327,22:25:42
0.42,0.51,0.7853981633974483,-3.44,-3.327,0.37590748948807373,0.4741486538370642,6.999051850805984,-3.44,-3.327,22:25:42
0.42,0.51,0.7853981633974483,-3.44,-3.327,0.376348414593193,0.4745071672986936,6.999747167003694,-3.44,-3.327,22:25:42
0.42,0.51,0.7853981633974483,-3.44,-3.327,0.3767849304472611,0.47486209562570664,7.000435530039427,-3.44,-3.327,22:25:42
0.42,0.51,0.7853981633974483,-3.44,-3.327,0.37721708114278846,0.4752134746694496,7.001117009444803,-3.44,-3.327,22:25:42
0.42,0.51,0.7853981633974483,-3.44,-3.327,0.37764491033136055,0.47556133992275507,7.0017916740561255,-3.44,-3.327,22:25:42
0.42,0.51,0.7853981633974483,-3.44,-3.327,0.37806846122804694,0.47590572652352753,7.002459592021334,-3.44,-3.327,22:25:42
0.42,0.51,0.7853981633974483,-3.44,-3.327,0.3784877766157665,0.47624666925829223,7.003120830806891,-3.44,-3.327,22:25:42
0.42,0.51,0.7853981633974483,-3.44,-3.327,0.3789028988496088,0.4765842025657093,7.0037754572045925,-3.44,-3.327,22:25:42
0.42,0.51,0.7853981633974483,-3.44,-3.327,0.3793138698611127,0.4769183605400522,7.004423537338317,-3.44,-3.327,22:25:42
0.42,0.51,0.7853981633974483,-3.44,-3.327,0.3797207311625016,0.4772491769346517,7.005065136670704,-3.44,-3.327,22:25:42
0.42,0.51,0.7853981633974483,-3.44,-3.327,0.3801235238508766,0.47757668516530516,7.005700320009767,-3.44,-3.327,22:25:42
0.42,0.51,0.7853981633974483,-3.44,-3.327,0.38052228861236786,0.4779009183136521,7.00632915151544,-3.44,-3.327,22:25:42
0.42,0.51,0.7853981633974483,-3.44,-3.327,0.3809170657262442,0.4782219091305156,7.006951694706056,-3.44,-3.327,22:25:42
0.42,0.51,0.7853981633974483,-3.44,-3.327,0.3813078950689817,0.47853969003921043,7.007568012464766,-3.44,-3.327,22:25:42
0.42,0.51,0.7853981633974483,-3.44,-3.327,0.3816948161182919,0.47885429313881833,7.008178167045889,-3.44,-3.327,22:25:42
0.42,0.51,0.7853981633974483,-3.44,-3.327,0.382077867957109,0.47916575020743013,7.0087822200812,-3.44,-3.327,22:25:42
0.42,0.51,0.7853981633974483,-3.44,-3.327,0.3824570892775379,0.47947409270535585,7.0093802325861585,-3.44,-3.327,22:25:42
0.42,0.51,0.7853981633974483,-3.44,-3.327,0.3828325183847625,0.4797793517783023,7.009972264966067,-3.44,-3.327,22:25:42
0.42,0.51,0.7853981633974483,-3.44,-3.327,0.38320419320091487,0.48008155826051924,7.010558377022177,-3.44,-3.327,22:25:42
0.42,0.51,0.7853981633974483,-3.44,-3.327,0.3835721512689057,0.48038074267791403,7.011138627957725,-3.44,-3.327,22:25:42
0.42,0.51,0.7853981633974483,-3.44,-3.327,0.38393642975621667,0.48067693525113486,7.011713076383918,-3.44,-3.327,22:25:42
0.42,0.51,0.7853981633974483,-3.44,-3.327,0.3842970654586545,0.4809701658986235,7.012281780325849,-3.44,-3.327,22:25:42
0.42,0.51,0.7853981633974483,-3.44,-3.327,0.3846540948040679,0.48126046423963725,7.012844797228361,-3.44,-3.327,22:25:42
0.42,0.51,0.7853981633974483,-3.44,-3.327,0.38500755385602725,0.4815478595972409,7.013402183961848,-3.44,-3.327,22:25:42
0.42,0.51,0.7853981633974483,-3.44,-3.327,0.385357478317467,0.48183238100126846,7.013953996828,-3.44,-3.327,22:25:42
0.42,0.51,0.7853981633974483,-3.44,-3.327,0.3857039035342923,0.4821140571912558,7.01450029156549,-3.44,-3.327,22:25:42
0.42,0.51,0.7853981633974483,-3.44,-3.327,0.38604686449894937,0.4823929166193432,7.015041123355606,-3.44,-3.327,22:25:42
0.42,0.51,0.7853981633974483,-3.44,-3.327,0.3863863958539599,0.48266898745314973,7.01557654682782,-3.44,-3.327,22:25:42
0.42,0.51,0.7853981633974483,-3.44,-3.327,0.3867225318954203,0.48294229757861823,7.016106616065312,-3.44,-3.327,22:25:42
0.42,0.51,0.7853981633974483,-3.44,-3.327,0.3870553065764661,0.483212874602832,7.016631384610429,-3.44,-3.327,22:25:42
0.42,0.51,0.7853981633974483,-3.44,-3.327,0.38738475351070145,0.4834807458568037,7.017150905470095,-3.44,-3.327,22:25:42
0.42,0.51,0.7853981633974483,-3.44,-3.327,0.38771090597559443,0.48374593839823565,7.017665231121165,-3.44,-3.327,22:25:42
0.42,0.51,0.7853981633974483,-3.44,-3.327,0.3880337969158385,0.4840084790142533,7.018174413515724,-3.44,-3.327,22:25:42
0.42,0.51,0.7853981633974483,-3.44,-3.327,0.3883534589466801,0.4842683942241108,7.0186785040863375,-3.44,-3.327,22:25:42
0.42,0.51,0.7853981633974483,-3.44,-3.327,0.3886699243572133,0.4845257102818697,7.019177553751245,-3.44,-3.327,22:25:42
0.42,0.51,0.7853981633974483,-3.44,-3.327,0.3889832251136412,0.484780453179051,7.0196716129195025,-3.44,-3.327,22:25:42
0.42,0.51,0.7853981633974483,-3.44,-3.327,0.3892933928625048,0.4850326486472605,7.020160731496078,-3.44,-3.327,22:25:42
0.42,0.51,0.7853981633974483,-3.44,-3.327,0.38960045893387973,0.48528232216078787,7.020644958886887,-3.44,-3.327,22:25:42
0.42,0.51,0.7853981633974483,-3.44,-3.327,0.38990445434454096,0.48552949893918,7.0211243440037885,-3.44,-3.327,22:25:42
0.42,0.51,0.7853981633974483,-3.44,-3.327,0.3902054098010955,0.4857742039497882,7.021598935269521,-3.44,-3.327,22:25:42
0.42,0.51,0.7853981633974483,-3.44,-3.327,0.3905033557030846,0.48601646191029035,7.022068780622597,-3.44,-3.327,22:25:42
0.42,0.51,0.7853981633974483,-3.44,-3.327,0.39079832214605376,0.48625629729118747,7.022533927522141,-3.44,-3.327,22:25:42
0.42,0.51,0.7853981633974483,-3.44,-3.327,0.3910903389245932,0.4864937343182756,7.02299442295269,-3.44,-3.327,22:25:42
0.42,0.51,0.7853981633974483,-3.44,-3.327,0.39137943553534726,0.4867287969750928,7.023450313428934,-3.44,-3.327,22:25:42
0.42,0.51,0.7853981633974483,-3.44,-3.327,0.3916656411799938,0.48696150900534185,7.023901645000415,-3.44,-3.327,22:25:42
0.42,0.51,0.7853981633974483,-3.44,-3.327,0.39194898476819384,0.48719189391528844,7.024348463256182,-3.44,-3.327,22:25:42
0.42,0.51,0.7853981633974483,-3.44,-3.327,0.3922294949205119,0.48741997497613554,7.02479081332939,-3.44,-3.327,22:25:42
0.42,0.51,0.7853981633974483,-3.44,-3.327,0.3925071999713068,0.4876457752263742,7.025228739901866,-3.44,-3.327,22:25:42
0.42,0.51,0.7853981633974483,-3.44,-3.327,0.39278212797159373,0.48786931747411044,7.025662287208618,-3.44,-3.327,22:25:42
0.42,0.51,0.7853981633974483,-3.44,-3.327,0.3930543066918778,0.48809062429936934,7.026091499042303,-3.44,-3.327,22:25:42
0.42,0.51,0.7853981633974483,-3.44,-3.327,0.393323763624959,0.48830971805637563,7.02651641875765,-3.44,-3.327,22:25:42
0.42,0.51,0.7853981633974483,-3.44,-3.327,0.3935905259887094,0.4885266208758119,7.026937089275844,-3.44,-3.327,22:25:42
0.42,0.51,0.7853981633974483,-3.44,-3.327,0.3938546207288223,0.48874135466705376,7.027353553088855,-3.44,-3.327,22:25:42
0.42,0.51,0.7853981633974483,-3.44,-3.327,0.3941160745215341,0.4889539411203832,7.027765852263737,-3.44,-3.327,22:25:42
0.42,0.51,0.7853981633974483,-3.44,-3.327,0.3943749137763187,0.48916440170917935,7.028174028446871,-3.44,-3.327,22:25:42
0.42,0.51,0.7853981633974483,-3.44,-3.327,0.3946311646385555,0.48937275769208755,7.028578122868172,-3.44,-3.327,22:25:42
0.42,0.51,0.7853981633974483,-3.44,-3.327,0.39488485299216997,0.4895790301151667,7.028978176345261,-3.44,-3.327,22:25:42
0.42,0.51,0.7853981633974483,-3.44,-3.327,0.3951360044622483,0.489783239814015,7.029374229287578,-3.44,-3.327,22:25:42
0.42,0.51,0.7853981633974483,-3.44,-3.327,0.3953846444176258,0.4899854074158749,7.029766321700473,-3.44,-3.327,22:25:42
0.42,0.51,0.7853981633974483,-3.44,-3.327,0.3956307979734495,0.49018555334171615,7.030154493189238,-3.44,-3.327,22:25:42
0.42,0.51,0.7853981633974483,-3.44,-3.327,0.39587448999371505,0.490383697808299,7.0305387829631165,-3.44,-3.327,22:25:42
0.42,0.51,0.7853981633974483,-3.44,-3.327,0.3961157450937779,0.490579860830216,7.030919229839256,-3.44,-3.327,22:25:42
0.42,0.51,0.7853981633974483,-3.44,-3.327,0.3963545876428401,0.49077406222191383,7.031295872246634,-3.44,-3.327,22:25:42
0.42,0.51,0.7853981633974483,-3.44,-3.327,0.3965910417664117,0.49096632159969467,7.031668748229938,-3.44,-3.327,22:25:42
0.42,0.51,0.7853981633974483,-3.44,-3.327,0.3968251313487476,0.4911566583836977,7.032037895453409,-3.44,-3.327,22:25:42
0.42,0.51,0.7853981633974483,-3.44,-3.327,0.39705688003526013,0.49134509179986074,7.032403351204645,-3.44,-3.327,22:25:42
0.42,0.51,0.7853981633974483,-3.44,-3.327,0.39728631123490754,0.49153164088186213,7.032765152398369,-3.44,-3.327,22:25:42
0.42,0.51,0.7853981633974483,-3.44,-3.327,0.39751344812255845,0.49171632447304353,7.0331233355801555,-3.44,-3.327,22:25:42
0.42,0.51,0.7853981633974483,-3.44,-3.327,0.3977383136413329,0.4918991612283131,7.033477936930124,-3.44,-3.327,22:25:42
0.42,0.51,0.7853981633974483,-3.44,-3.327,0.39796093050491954,0.49208016961602996,7.033828992266593,-3.44,-3.327,22:25:42
0.42,0.51,0.7853981633974483,-3.44,-3.327,0.3981813211998703,0.4922593679198697,7.034176537049698,-3.44,-3.327,22:25:42
0.42,0.51,0.7853981633974483,-3.44,-3.327,0.3983995079878716,0.492436774240671,7.034520606384971,-3.44,-3.327,22:25:42
0.42,0.51,0.7853981633974483,-3.44,-3.327,0.3986155129079929,0.4926124064982643,7.0348612350268915,-3.44,-3.327,22:25:42
0.42,0.51,0.7853981633974483,-3.44,-3.327,0.398829357778913,0.49278628243328165,7.035198457382393,-3.44,-3.327,22:25:42
0.42,0.51,0.7853981633974483,-3.44,-3.327,0.39904106420112384,0.4929584196089488,7.035532307514339,-3.44,-3.327,22:25:42
0.42,0.51,0.7853981633974483,-3.44,-3.327,0.3992506535591126,0.49312883541285935,7.035862819144966,-3.44,-3.327,22:25:42
0.42,0.51,0.7853981633974483,-3.44,-3.327,0.39945814702352145,0.49329754705873075,7.036190025659287,-3.44,-3.327,22:25:42
0.42,0.51,0.7853981633974483,-3.44,-3.327,0.39966356555328625,0.49346457158814344,7.036513960108464,-3.44,-3.327,22:25:42
0.42,0.51,0.7853981633974483,-3.44,-3.327,0.3998669298977534,0.493629925872262,7.03683465521315,-3.44,-3.327,22:25:42
0.42,0.51,0.7853981633974483,-3.44,-3.327,0.40006826059877587,0.49379362661353937,7.037152143366789,-3.44,-3.327,22:25:42
0.42,0.51,0.7853981633974483,-3.44,-3.327,0.4002675779927881,0.493955690347404,7.037466456638892,-3.44,-3.327,22:25:42
0.42,0.51,0.7853981633974483,-3.44,-3.327,0.40046490221286024,0.49411613344392996,7.037777626778274,-3.44,-3.327,22:25:42
0.42,0.51,0.7853981633974483,-3.44,-3.327,0.4006602531907316,0.4942749721094907,7.038085685216261,-3.44,-3.327,22:25:42
0.42,0.51,0.7853981633974483,-3.44,-3.327,0.4008536506588243,0.4944322223883958,7.038390663069869,-3.44,-3.327,22:25:42
0.42,0.51,0.7853981633974483,-3.44,-3.327,0.40104511415223604,0.4945879001645118,7.03869259114494,-3.44,-3.327,22:25:42
0.42,0.51,0.7853981633974483,-3.44,-3.327,0.4012346630107137,0.4947420211628667,7.038991499939261,-3.44,-3.327,22:25:42
0.42,0.51,0.7853981633974483,-3.44,-3.327,0.40142231638060655,0.49489460095123805,7.039287419645639,-3.44,-3.327,22:25:42
0.42,0.51,0.7853981633974483,-3.44,-3.327,0.40160809321680047,0.49504565494172564,7.039580380154953,-3.44,-3.327,22:25:42
0.42,0.51,0.7853981633974483,-3.44,-3.327,0.40179201228463246,0.4951951983923084,7.039870411059174,-3.44,-3.327,22:25:42
0.42,0.51,0.7853981633974483,-3.44,-3.327,0.40197409216178615,0.49534324640838534,7.040157541654352,-3.44,-3.327,22:25:42
0.42,0.51,0.7853981633974483,-3.44,-3.327,0.4021543512401683,0.49548981394430147,7.040441800943579,-3.44,-3.327,22:25:42
0.42,0.51,0.7853981633974483,-3.44,-3.327,0.40233280772776664,0.49563491580485847,7.040723217639914,-3.44,-3.327,22:25:42
0.42,0.51,0.7853981633974483,-3.44,-3.327,0.402509479650489,0.49577856664680986,7.041001820169285,-3.44,-3.327,22:25:42
0.42,0.51,0.7853981633974483,-3.44,-3.327,0.4026843848539841,0.49592078098034176,7.041277636673363,-3.44,-3.327,22:25:42
0.42,0.51,0.7853981633974483,-3.44,-3.327,0.4028575410054443,0.49606157317053834,7.0415506950124,-3.44,-3.327,22:25:42
0.42,0.51,0.7853981633974483,-3.44,-3.327,0.40302896559538987,0.49620095743883297,7.041821022768046,-3.44,-3.327,22:25:42
0.42,0.51,0.7853981633974483,-3.44,-3.327,0.403198675939436,0.49633894786444466,7.0420886472461355,-3.44,-3.327,22:25:42
0.42,0.51,0.7853981633974483,-3.44,-3.327,0.4033666891800416,0.4964755583858002,7.042353595479445,-3.44,-3.327,22:25:42
0.42,0.51,0.7853981633974483,-3.44,-3.327,0.40353302228824117,0.4966108028019422,7.042615894230421,-3.44,-3.327,22:25:42
0.42,0.51,0.7853981633974483,-3.44,-3.327,0.40369769206535877,0.4967446947739228,7.042875569993887,-3.44,-3.327,22:25:42
0.42,0.51,0.7853981633974483,-3.44,-3.327,0.4038607151447052,0.4968772478261836,7.043132648999719,-3.44,-3.327,22:25:42
0.42,0.51,0.7853981633974483,-3.44,-3.327,0.4040221079932581,0.49700847534792175,7.043387157215492,-3.44,-3.327,22:25:42
0.42,0.51,0.7853981633974483,-3.44,-3.327,0.4041818869133255,0.49713839059444254,7.043639120349107,-3.44,-3.327,22:25:42
0.42,0.51,0.7853981633974483,-3.44,-3.327,0.40434006804419226,0.4972670066884981,7.043888563851387,-3.44,-3.327,22:25:42
0.42,0.51,0.7853981633974483,-3.44,-3.327,0.40449666736375034,0.49739433662161314,7.044135512918643,-3.44,-3.327,22:25:42
0.42,0.51,0.7853981633974483,-3.44,-3.327,0.40465170069011286,0.497520393255397,7.0443799924952275,-3.44,-3.327,22:25:42
0.42,0.51,0.7853981633974483,-3.44,-3.327,0.4048051836832117,0.497645189322843,7.044622027276046,-3.44,-3.327,22:25:42
0.42,0.51,0.7853981633974483,-3.44,-3.327,0.4049571318463796,0.4977687374296146,7.044861641709056,-3.44,-3.327,22:25:42
0.42,0.51,0.7853981633974483,-3.44,-3.327,0.4051075605279158,0.4978910500553184,7.0450988599977356,-3.44,-3.327,22:25:42
0.42,0.51,0.7853981633974483,-3.44,-3.327,0.40525648492263666,0.49801213955476525,7.045333706103529,-3.44,-3.327,22:25:42
0.42,0.51,0.7853981633974483,-3.44,-3.327,0.4054039200734103,0.4981320181592176,7.045566203748264,-3.44,-3.327,22:25:42
0.42,0.51,0.7853981633974483,-3.44,-3.327,0.4055498808726762,0.49825069797762545,7.045796376416551,-3.44,-3.327,22:25:42
0.42,0.51,0.7853981633974483,-3.44,-3.327,0.4056943820639494,0.4983681909978492,7.046024247358156,-3.44,-3.327,22:25:42
0.42,0.51,0.7853981633974483,-3.44,-3.327,0.4058374382433099,0.4984845090878707,7.046249839590345,-3.44,-3.327,22:25:42
0.42,0.51,0.7853981633974483,-3.44,-3.327,0.40597906386087684,0.49859966399699196,7.046473175900212,-3.44,-3.327,22:25:42
0.42,0.51,0.7853981633974483,-3.44,-3.327,0.4061192732222681,0.49871366735702205,7.046694278846981,-3.44,-3.327,22:25:42
0.42,0.51,0.7853981633974483,-3.44,-3.327,0.4062580804900454,0.49882653068345184,7.046913170764281,-3.44,-3.327,22:25:42
0.42,0.51,0.7853981633974483,-3.44,-3.327,0.40639549968514493,0.49893826537661734,7.047129873762408,-3.44,-3.327,22:25:42
0.42,0.51,0.7853981633974483,-3.44,-3.327,0.4065315446882935,0.4990488827228512,7.047344409730554,-3.44,-3.327,22:25:42
0.42,0.51,0.7853981633974483,-3.44,-3.327,0.40666622924141055,0.49915839389562267,7.047556800339019,-3.44,-3.327,22:25:42
0.42,0.51,0.7853981633974483,-3.44,-3.327,0.40679956694899644,0.49926680995666645,7.047767067041399,-3.44,-3.327,22:25:42
0.42,0.51,0.7853981633974483,-3.44,-3.327,0.40693157127950647,0.4993741418570998,7.047975231076756,-3.44,-3.327,22:25:42
0.42,0.51,0.7853981633974483,-3.44,-3.327,0.4070622555667114,0.49948040043852876,7.048181313471759,-3.44,-3.327,22:25:42
0.42,0.51,0.7853981633974483,-3.44,-3.327,0.4071916330110443,0.49958559643414346,7.048385335042812,-3.44,-3.327,22:25:42
0.42,0.51,0.7853981633974483,-3.44,-3.327,0.4073197166809338,0.499689740469802,7.048587316398154,-3.44,-3.327,22:25:42
0.42,0.51,0.7853981633974483,-3.44,-3.327,0.40744651951412447,0.499792843065104,7.048787277939943,-3.44,-3.327,22:25:42
0.42,0.51,0.7853981633974483,-3.44,-3.327,0.40757205431898325,0.49989491463445296,7.0489852398663135,-3.44,-3.327,22:25:42
0.42,0.51,0.7853981633974483,-3.44,-3.327,0.4076963337757934,0.49999596548810843,7.049181222173421,-3.44,-3.327,22:25:42
0.42,0.51,0.7853981633974483,-3.44,-3.327,0.40781937043803546,0.5000960058332273,7.049375244657457,-3.44,-3.327,22:25:42
0.42,0.51,0.7853981633974483,-3.44,-3.327,0.4079411767336551,0.500195045774895,7.049567326916653,-3.44,-3.327,22:25:42
0.42,0.51,0.7853981633974483,-3.44,-3.327,0.4080617649663185,0.500293095317146,7.049757488353257,-3.44,-3.327,22:25:42
0.42,0.51,0.7853981633974483,-3.44,-3.327,0.40818114731665534,0.5003901643639745,7.049945748175495,-3.44,-3.327,22:25:42
0.42,0.51,0.7853981633974483,-3.44,-3.327,0.40829933584348876,0.5004862627203348,7.050132125399511,-3.44,-3.327,22:25:42
0.42,0.51,0.7853981633974483,-3.44,-3.327,0.4084163424850539,0.5005814000931315,7.050316638851286,-3.44,-3.327,22:25:42
0.42,0.51,0.7853981633974483,-3.44,-3.327,0.40853217906020334,0.5006755860922002,7.050499307168543,-3.44,-3.327,22:25:42
0.42,0.51,0.7853981633974483,-3.44,-3.327,0.4086468572696013,0.5007688302312782,7.050680148802628,-3.44,-3.327,22:25:42
0.42,0.51,0.7853981633974483,-3.44,-3.327,0.4087603886969053,0.5008611419289654,7.050859182020372,-3.44,-3.327,22:25:42
0.42,0.51,0.7853981633974483,-3.44,-3.327,0.4088727848099362,0.5009525305096757,7.051036424905939,-3.44,-3.327,22:25:42
0.42,0.51,0.7853981633974483,-3.44,-3.327,0.4089840569618369,0.5010430052045789,7.05121189536265,-3.44,-3.327,22:25:42
0.42,0.51,0.7853981633974483,-3.44,-3.327,0.4090942163922185,0.5011325751525331,7.051385611114794,-3.44,-3.327,22:25:42
0.42,0.51,0.7853981633974483,-3.44,-3.327,0.40920327422829633,0.5012212494010078,7.051557589709416,-3.44,-3.327,22:25:42
0.42,0.51,0.7853981633974483,-3.44,-3.327,0.4093112414860134,0.5013090369069977,7.051727848518093,-3.44,-3.327,22:25:43
0.42,0.51,0.7853981633974483,-3.44,-3.327,0.40941812907115327,0.5013959465379277,7.051896404738682,-3.44,-3.327,22:25:43
0.42,0.51,0.7853981633974483,-3.44,-3.327,0.4095239477804417,0.5014819870725484,7.052063275397066,-3.44,-3.327,22:25:43
0.42,0.51,0.7853981633974483,-3.44,-3.327,0.4096287083026373,0.5015671672018229,7.052228477348865,-3.44,-3.327,22:25:43
0.42,0.51,0.7853981633974483,-3.44,-3.327,0.40973242121961095,0.5016514955298047,7.0523920272811464,-3.44,-3.327,22:25:43
0.42,0.51,0.7853981633974483,-3.44,-3.327,0.40983509700741483,0.5017349805745066,7.052553941714105,-3.44,-3.327,22:25:43
0.42,0.51,0.7853981633974483,-3.44,-3.327,0.4099367460373407,0.5018176307687615,7.052714237002735,-3.44,-3.327,22:25:43
0.42,0.51,0.7853981633974483,-3.44,-3.327,0.4100373785769673,0.5018994544610739,7.052872929338478,-3.44,-3.327,22:25:43
0.42,0.51,0.7853981633974483,-3.44,-3.327,0.41013700479119763,0.5019804599164631,7.053030034750863,-3.44,-3.327,22:25:43
0.42,0.51,0.7853981633974483,-3.44,-3.327,0.41023563474328567,0.5020606553172985,7.053185569109125,-3.44,-3.327,22:25:43
0.42,0.51,0.7853981633974483,-3.44,-3.327,0.4103332783958528,0.5021400487641255,7.053339548123804,-3.44,-3.327,22:25:43
0.42,0.51,0.7853981633974483,-3.44,-3.327,0.4104299456118943,0.5022186482764843,7.053491987348337,-3.44,-3.327,22:25:43
0.42,0.51,0.7853981633974483,-3.44,-3.327,0.41052564615577536,0.5022964617937195,7.0536429021806235,-3.44,-3.327,22:25:43
0.42,0.51,0.7853981633974483,-3.44,-3.327,0.4106203896942176,0.5023734971757823,7.053792307864588,-3.44,-3.327,22:25:43
0.42,0.51,0.7853981633974483,-3.44,-3.327,0.4107141857972754,0.5024497622040245,7.053940219491712,-3.44,-3.327,22:25:43
0.42,0.51,0.7853981633974483,-3.44,-3.327,0.4108070439393027,0.5025252645819842,7.054086652002565,-3.44,-3.327,22:25:43
0.42,0.51,0.7853981633974483,-3.44,-3.327,0.41089897349990967,0.5026000119361643,7.054231620188309,-3.44,-3.327,22:25:43
0.42,0.51,0.7853981633974483,-3.44,-3.327,0.4109899837649106,0.5026740118168027,7.054375138692197,-3.44,-3.327,22:25:43
0.42,0.51,0.7853981633974483,-3.44,-3.327,0.4110800839272615,0.5027472716986346,7.054517222011045,-3.44,-3.327,22:25:43
0.42,0.51,0.7853981633974483,-3.44,-3.327,0.41116928308798883,0.5028197989816483,7.054657884496705,-3.44,-3.327,22:25:43
0.42,0.51,0.7853981633974483,-3.44,-3.327,0.41125759025710895,0.5028916009918318,7.0547971403575085,-3.44,-3.327,22:25:43
0.42,0.51,0.7853981633974483,-3.44,-3.327,0.41134501435453785,0.5029626849819135,7.054935003659704,-3.44,-3.327,22:25:43
0.42,0.51,0.7853981633974483,-3.44,-3.327,0.4114315642109925,0.5030330581320944,7.055071488328878,-3.44,-3.327,22:25:43
0.42,0.51,0.7853981633974483,-3.44,-3.327,0.41151724856888255,0.5031027275507735,7.05520660815136,-3.44,-3.327,22:25:43
0.42,0.51,0.7853981633974483,-3.44,-3.327,0.4116020760831937,0.5031717002752657,7.055340376775616,-3.44,-3.327,22:25:43
0.42,0.51,0.7853981633974483,-3.44,-3.327,0.4116860553223618,0.5032399832725131,7.05547280771363,-3.44,-3.327,22:25:43
0.42,0.51,0.7853981633974483,-3.44,-3.327,0.4117691947691382,0.503307583439788,7.055603914342265,-3.44,-3.327,22:25:43
0.42,0.51,0.7853981633974483,-3.44,-3.327,0.41185150282144684,0.5033745076053902,7.0557337099046125,-3.44,-3.327,22:25:43
0.42,0.51,0.7853981633974483,-3.44,-3.327,0.41193298779323234,0.5034407625293362,7.055862207511336,-3.44,-3.327,22:25:43
0.42,0.51,0.7853981633974483,-3.44,-3.327,0.41201365791530004,0.5035063549040428,7.0559894201419935,-3.44,-3.327,22:25:43
0.42,0.51,0.7853981633974483,-3.44,-3.327,0.412093521336147,0.5035712913550024,7.056115360646344,-3.44,-3.327,22:25:43
0.42,0.51,0.7853981633974483,-3.44,-3.327,0.41217258612278557,0.5036355784414525,7.056240041745651,-3.44,-3.327,22:25:43
0.42,0.51,0.7853981633974483,-3.44,-3.327,0.4122508602615577,0.5036992226570379,7.056363476033965,-3.44,-3.327,22:25:43
0.42,0.51,0.7853981633974483,-3.44,-3.327,0.41232835165894216,0.5037622304304675,7.056485675979396,-3.44,-3.327,22:25:43
0.42,0.51,0.7853981633974483,-3.44,-3.327,0.4124050681423527,0.5038246081261628,7.056606653925373,-3.44,-3.327,22:25:43
0.42,0.51,0.7853981633974483,-3.44,-3.327,0.4124810174609292,0.5038863620449012,7.05672642209189,-3.44,-3.327,22:25:43
0.42,0.51,0.7853981633974483,-3.44,-3.327,0.4125562072863199,0.5039474984244522,7.056844992576742,-3.44,-3.327,22:25:43
0.42,0.51,0.7853981633974483,-3.44,-3.327,0.4126306452134567,0.5040080234402077,7.0569623773567445,-3.44,-3.327,22:25:43
0.42,0.51,0.7853981633974483,-3.44,-3.327,0.4127043387613221,0.5040679432058056,7.057078588288947,-3.44,-3.327,22:25:43
0.42,0.51,0.7853981633974483,-3.44,-3.327,0.4127772953737089,0.5041272637737475,7.057193637111828,-3.44,-3.327,22:25:43
0.42,0.51,0.7853981633974483,-3.44,-3.327,0.4128495224199718,0.50418599113601,7.05730753544648,-3.44,-3.327,22:25:43
0.42,0.51,0.7853981633974483,-3.44,-3.327,0.41292102719577206,0.50424413122465,7.057420294797786,-3.44,-3.327,22:25:43
0.42,0.51,0.7853981633974483,-3.44,-3.327,0.4129918169238143,0.5043016899124034,7.057531926555578,-3.44,-3.327,22:25:43
0.42,0.51,0.7853981633974483,-3.44,-3.327,0.41306189875457616,0.5043586730132794,7.057642441995792,-3.44,-3.327,22:25:43
0.42,0.51,0.7853981633974483,-3.44,-3.327,0.4131312797670304,0.5044150862831466,7.057751852281605,-3.44,-3.327,22:25:43
0.42,0.51,0.7853981633974483,-3.44,-3.327,0.4131999669693601,0.5044709354203151,7.057860168464559,-3.44,-3.327,22:25:43
0.42,0.51,0.7853981633974483,-3.44,-3.327,0.4132679672996665,0.504526226066112,7.057967401485684,-3.44,-3.327,22:25:43
0.42,0.51,0.7853981633974483,-3.44,-3.327,0.4133352876266699,0.5045809638054508,7.058073562176598,-3.44,-3.327,22:25:43
0.42,0.51,0.7853981633974483,-3.44,-3.327,0.41340193475040315,0.5046351541673963,7.058178661260603,-3.44,-3.327,22:25:43
0.42,0.51,0.7853981633974483,-3.44,-3.327,0.4134679154028991,0.5046888026257224,7.058282709353767,-3.44,-3.327,22:25:43
0.42,0.51,0.7853981633974483,-3.44,-3.327,0.4135332362488701,0.5047419145994652,7.058385716966,-3.44,-3.327,22:25:43
0.42,0.51,0.7853981633974483,-3.44,-3.327,0.4135979038863814,0.5047944954534705,7.05848769450211,-3.44,-3.327,22:25:43
0.42,0.51,0.7853981633974483,-3.44,-3.327,0.41366192484751757,0.5048465504989359,7.05858865226286,-3.44,-3.327,22:25:43
0.42,0.51,0.7853981633974483,-3.44,-3.327,0.4137253055990424,0.5048980849939465,7.058688600446001,-3.44,-3.327,22:25:43
0.42,0.51,0.7853981633974483,-3.44,-3.327,0.413788052543052,0.5049491041440071,7.058787549147311,-3.44,-3.327,22:25:43
0.42,0.51,0.7853981633974483,-3.44,-3.327,0.4138501720176215,0.504999613102567,7.058885508361609,-3.44,-3.327,22:25:43
0.42,0.51,0.7853981633974483,-3.44,-3.327,0.41391167029744524,0.5050496169715414,7.058982487983763,-3.44,-3.327,22:25:43
0.42,0.51,0.7853981633974483,-3.44,-3.327,0.41397255359447077,0.505099120801826,7.059078497809696,-3.44,-3.327,22:25:43
0.42,0.51,0.7853981633974483,-3.44,-3.327,0.41403282805852604,0.5051481295938077,7.05917354753737,-3.44,-3.327,22:25:43
0.42,0.51,0.7853981633974483,-3.44,-3.327,0.41409249977794077,0.5051966482978697,7.059267646767767,-3.44,-3.327,22:25:43
0.42,0.51,0.7853981633974483,-3.44,-3.327,0.41415157478016135,0.505244681814891,7.059360805005859,-3.44,-3.327,22:25:43
0.42,0.51,0.7853981633974483,-3.44,-3.327,0.41421005903235975,0.5052922349967421,7.059453031661571,-3.44,-3.327,22:25:43
0.42,0.51,0.7853981633974483,-3.44,-3.327,0.4142679584420361,0.5053393126467747,7.059544336050726,-3.44,-3.327,22:25:43
0.42,0.51,0.7853981633974483,-3.44,-3.327,0.4143252788576158,0.505385919520307,7.059634727395989,-3.44,-3.327,22:25:43
0.42,0.51,0.7853981633974483,-3.44,-3.327,0.4143820260690396,0.5054320603251039,7.059724214827799,-3.44,-3.327,22:25:43
0.42,0.51,0.7853981633974483,-3.44,-3.327,0.4144382058083492,0.5054777397218528,7.059812807385292,-3.44,-3.327,22:25:43
0.42,0.51,0.7853981633974483,-3.44,-3.327,0.4144938237502657,0.5055229623246343,7.059900514017209,-3.44,-3.327,22:25:43
0.42,0.51,0.7853981633974483,-3.44,-3.327,0.4145488855127631,0.505567732701388,7.059987343582807,-3.44,-3.327,22:25:43
0.42,0.51,0.7853981633974483,-3.44,-3.327,0.41460339665763546,0.5056120553743741,7.060073304852749,-3.44,-3.327,22:25:43
0.42,0.51,0.7853981633974483,-3.44,-3.327,0.41465736269105913,0.5056559348206304,7.060158406509992,-3.44,-3.327,22:25:43
0.42,0.51,0.7853981633974483,-3.44,-3.327,0.41471078906414854,0.5056993754724242,7.0602426571506625,-3.44,-3.327,22:25:43
0.42,0.51,0.7853981633974483,-3.44,-3.327,0.41476368117350704,0.5057423817176999,7.060326065284926,-3.44,-3.327,22:25:43
0.42,0.51,0.7853981633974483,-3.44,-3.327,0.41481604436177194,0.5057849579005229,7.0604086393378465,-3.44,-3.327,22:25:43
0.42,0.51,0.7853981633974483,-3.44,-3.327,0.4148678839181542,0.5058271083215177,7.060490387650239,-3.44,-3.327,22:25:43
0.42,0.51,0.7853981633974483,-3.44,-3.327,0.4149192050789727,0.5058688372383024,7.060571318479506,-3.44,-3.327,22:25:43
0.42,0.51,0.7853981633974483,-3.44,-3.327,0.4149700130281829,0.5059101488659195,7.060651440000481,-3.44,-3.327,22:25:43
0.42,0.51,0.7853981633974483,-3.44,-3.327,0.4150203128979011,0.5059510473772603,7.060730760306247,-3.44,-3.327,22:25:43
0.42,0.51,0.7853981633974483,-3.44,-3.327,0.41507010976892206,0.5059915369034876,7.060809287408954,-3.44,-3.327,22:25:43
0.42,0.51,0.7853981633974483,-3.44,-3.327,0.4151194086712328,0.5060316215344528,7.060887029240635,-3.44,-3.327,22:25:43
